24/11/202512:36:16 pmPagina: 1,,,,,,,
Clinica A.B.G. Calle Vargas con Calle Cedeño,,,,,,,,,,,,,,,,,,,,,,,,,,,,,
0212-3636521,,,,,,,,,,,,,,,,,,,,,,,,,,,,,
,,,,,,,,,,,,,,,,,,,,,,,,,,,,,
,,,,,,,,,,,,,,,,,,,,,,,,,,,,

Rif. J-31672940-0,,,,,,,,,,,,,,,,,,,,,,,,,,,,

Estadísticas x Examen (Personalizado),,,,,,,,,,,,,,,,,,,,

Desde el 01/02/2025 hasta el 01/02/2025,,,,,,,,,,,,,,,,,,,,,,


Status: Procesadas,,,,,,
Método: Todos,,,,,,

,,,,,,,,,,,,,,,,,,,,,,,,,,,,,
,,,,,,,,,,,,,,,,,,,,,,,,,,,,,,,
,,,,,,,Hematología,,,,,,,,,,,Cant.,,,,,Monto Bs.,,,,,,,,
,,,,,,,,,,,,,,,,,,,,,,,,,,,,,,,
,,,,,,,,,,,,,,,,,,,,,,,,,,,,

1.206,GRUPO SANGUINEO,,,,,"703,70",,,,,
,,,,,, 4,,,,,,,,
,,
1.001,HEMATOLOGIA,,,,,"7.960,88",,,,,
,,,,,,30,,,,,,,,
,,
1.204,VELOCIDAD DE SEDIMENTACION GLOBULAR,,,,,"637,67",,,,,
,,,,,, 3,,,,,,,,
,,
Sub-Total: 37,,,,,,"9.302,25",,,,,,

,,,,,,,,,,,,,,,,,,,,,,,,,,,,,
,,,,,,,,,,,,,,,,,,,,,,,,,,,,,,,
,,,,,,,Coagulación,,,,,,,,,,,Cant.,,,,,Monto Bs.,,,,,,,,
,,,,,,,,,,,,,,,,,,,,,,,,,,,,,,,
,,,,,,,,,,,,,,,,,,,,,,,,,,,,

1.400,TIEMPO DE PROTROMBINA (PT),,,,,"181,92",,,,,
,,,,,, 1,,,,,,,,
,,
1.401,TIEMPO PARCIAL TROMBOPLASTINA (PTT),,,,,"181,92",,,,,
,,,,,, 1,,,,,,,,
,,
Sub-Total:  2,,,,,,"363,84",,,,,,

,,,,,,,,,,,,,,,,,,,,,,,,,,,,,
,,,,,,,,,,,,,,,,,,,,,,,,,,,,,,,
,,,,,,,Química,,,,,,,,,,,Cant.,,,,,Monto Bs.,,,,,,,,
,,,,,,,,,,,,,,,,,,,,,,,,,,,,,,,
,,,,,,,,,,,,,,,,,,,,,,,,,,,,

1.624,ACIDO URICO,,,,,"1.094,25",,,,,
,,,,,,12,,,,,,,,
,,
1.710,AMILASA,,,,,"242,34",,,,,
,,,,,, 1,,,,,,,,
,,
1.633,BILIRRUBINA DIRECTA,,,,,"0,00",,,,,
,,,,,, 2,,,,,,,,
,,
1.634,BILIRRUBINA INDIRECTA,,,,,"0,00",,,,,
,,,,,, 2,,,,,,,,
,,
1.631,BILIRRUBINA TOTAL,,,,,"0,00",,,,,
,,,,,, 2,,,,,,,,
,,
1.632,BILIRRUBINA TOTAL Y FRACCIONADA,,,,,"262,02",,,,,
,,,,,, 2,,,,,,,,
,,
1.629,CALCIO,,,,,"77,06",,,,,
,,,,,, 1,,,,,,,,
,,
1.642,CLORO,,,,,"0,00",,,,,
,,,,,, 1,,,,,,,,
,,
1.620,COLESTEROL,,,,,"743,90",,,,,
,,,,,,10,,,,,,,,
,,
1.621,COLESTEROL HDL,,,,,"93,76",,,,,
,,,,,, 1,,,,,,,,
,,
1.623,COLESTEROL LDL,,,,,"0,00",,,,,
,,,,,, 1,,,,,,,,
,,
1.622,COLESTEROL VLDL,,,,,"0,00",,,,,
,,,,,, 1,,,,,,,,
,,
1.618,CREATININA,,,,,"1.316,89",,,,,
,,,,,,14,,,,,,,,
,,
1.635,FOSFATASA ALCALINA,,,,,"822,04",,,,,
,,,,,, 2,,,,,,,,
,,
1.630,FOSFORO,,,,,"92,40",,,,,
,,,,,, 1,,,,,,,,
,,
1.730,GAMMA GLUTAMIL TRANSFERASA GGT,,,,,"217,99",,,,,
,,,,,, 1,,,,,,,,
,,
1.600,GLICEMIA,,,,,"1.250,10",,,,,
,,,,,,13,,,,,,,,
,,
1.602,GLICEMIA POST PRANDIAL,,,,,"347,82",,,,,
,,,,,, 1,,,,,,,,
,,
1.680,HIERRO SERICO,,,,,"107,86",,,,,
,,,,,, 1,,,,,,,,
,,
9.234,LDH (DESHIDROGENASA LACTICA),,,,,"193,63",,,,,
,,,,,, 1,,,,,,,,
,,
1.700,P.C.R CUANTITATIVA AUTOMATIZADA,,,,,"2.666,62",,,,,
,,,,,, 6,,,,,,,,
,,
10,PERFIL LIPIDICO,,,,,"227,69",,,,,
,,,,,, 1,,,,,,,,
,,
1.641,POTASIO,,,,,"0,00",,,,,
,,,,,, 1,,,,,,,,
,,
1.626,PROTEINAS TOTALES Y FRACCIONADAS,,,,,"1.094,82",,,,,
,,,,,,11,,,,,,,,
,,
2.871,RA TEST (FACTOR REUMATOIDEO),,,,,"405,79",,,,,
,,,,,, 1,,,,,,,,
,,

,,,,,,,,,,,,,,,,,,,,,,,,,,,,,,

Derecho de Copia 2004 Tecnolab Sistemas 21 C.A.. todos los derechos reservados.,,,,,,,,,,,,,,,,
,,,,,,,,,,,,,,,,,,,,,
,,,,,Caracas - Venezuela,,,,,,,,,,,,,,,,
,,,,,,,,,,,,,,,,,,,,,
,,,,,,,,,,,,,,,,
1.640,SODIO,,,,"0,00",,
,,,,, 1,,,,,
,,
1.636,TRANSAMINASA OXALACETICA,,,,"902,32",,
,,,,,11,,,,,
,,
1.637,TRANSAMINASA PIRUVICA,,,,"902,32",,
,,,,,11,,,,,
,,
1.619,TRIGLICERIDOS,,,,"1.060,66",,
,,,,,10,,,,,
,,
1.655,UREA,,,,"1.316,89",,
,,,,,14,,,,,
,,
Sub-Total: 137,,,,,"15.439,17",,,

,,,,,,,,,,,,,,,,,,,,,,
,,,,,,,,,,,,,,,,,,,,,,,
,,,,Serología,,,,,,,,,,Cant.,,,,,Monto Bs.,,,,
,,,,,,,,,,,,,,,,,,,,,,,
,,,,,,,,,,,,,,,,,,,,,

6.539,HEPATITIS A - IgG,,,,"0,00",,
,,,,, 1,,,,,
,,
6.540,HEPATITIS A - IgM,,,,"0,00",,
,,,,, 1,,,,,
,,
6.542,HEPATITIS B (CORE) IgM,,,,"883,65",,
,,,,, 1,,,,,
,,
6.543,HEPATITIS B Ag SUPERFICIE (HBsAg),,,,"883,65",,
,,,,, 1,,,,,
,,
6.547,HEPATITIS C,,,,"957,29",,
,,,,, 1,,,,,
,,
6.556,HIV,,,,"355,90",,
,,,,, 3,,,,,
,,
1.625,PROTEINAS TOTALES,,,,"217,31",,
,,,,,11,,,,,
,,
1.737,PRUEBA DE EMBARAZO (HCG),,,,"753,61",,
,,,,, 2,,,,,
,,
6.574,V.D.R.L. CUALITATIVO,,,,"355,88",,
,,,,, 3,,,,,
,,
Sub-Total: 24,,,,,"4.407,29",,,

,,,,,,,,,,,,,,,,,,,,,,
,,,,,,,,,,,,,,,,,,,,,,,
,,,,Especiales,,,,,,,,,,Cant.,,,,,Monto Bs.,,,,
,,,,,,,,,,,,,,,,,,,,,,,
,,,,,,,,,,,,,,,,,,,,,

2.529,ANTI CCP,,,,"1.449,25",,
,,,,, 1,,,,,
,,
2.525,ANTICUERPOS ANTI NUCLEARES (ANA),,,,"1.739,10",,
,,,,, 1,,,,,
,,
1.639,ELECTROLITOS SERICOS,,,,"1.159,40",,
,,,,, 1,,,,,
,,
1.749,GASES VENOSOS,,,,"3.478,20",,
,,,,, 1,,,,,
,,
3.035,PROCALCITONINA,,,,"1.159,40",,
,,,,, 1,,,,,
,,
2.608,PSA LIBRE,,,,"0,00",,
,,,,, 2,,,,,
,,
2.607,PSA TOTAL,,,,"0,00",,
,,,,, 2,,,,,
,,
2.699,PSA TOTAL Y LIBRE,,,,"2.434,74",,
,,,,, 2,,,,,
,,
866,"SEROLOGIA PARA HEPATITIS (A,B,C)",,,,"2.724,59",,
,,,,, 1,,,,,
,,
Sub-Total: 12,,,,,"14.144,68",,,

,,,,,,,,,,,,,,,,,,,,,,
,,,,,,,,,,,,,,,,,,,,,,,
,,,,Hormonas,,,,,,,,,,Cant.,,,,,Monto Bs.,,,,
,,,,,,,,,,,,,,,,,,,,,,,
,,,,,,,,,,,,,,,,,,,,,

60,PERFIL TIROIDEO,,,,"3.478,20",,
,,,,, 2,,,,,
,,
2.551,T3 LIBRE,,,,"1.159,28",,
,,,,, 2,,,,,
,,
2.553,T4 LIBRE,,,,"1.159,28",,
,,,,, 2,,,,,
,,
2.554,TSH,,,,"1.159,64",,
,,,,, 2,,,,,
,,
Sub-Total:  8,,,,,"6.956,40",,,

,,,,,,,,,,,,,,,,,,,,,,
,,,,,,,,,,,,,,,,,,,,,,,
,,,,Orinas,,,,,,,,,,Cant.,,,,,Monto Bs.,,,,
,,,,,,,,,,,,,,,,,,,,,,,
,,,,,,,,,,,,,,,,,,,,,

3.100,EXAMEN DE ORINA,,,,"3.634,05",,
,,,,,16,,,,,
,,
Sub-Total: 16,,,,,"3.634,05",,,

,,,,,,,,,,,,,,,,,,,,,,
,,,,,,,,,,,,,,,,,,,,,,,
,,,,Heces,,,,,,,,,,Cant.,,,,,Monto Bs.,,,,
,,,,,,,,,,,,,,,,,,,,,,,
,,,,,,,,,,,,,,,,,,,,,

3.200,EXAMEN DE HECES,,,,"289,85",,
,,,,, 1,,,,,
,,
Sub-Total:  1,,,,,"289,85",,,

,,,,,,,,,,,,,,,,,,,,,,
,,,,,,,,,,,,,,,,,,,,,,,
,,,,Bacteriología,,,,,,,,,,Cant.,,,,,Monto Bs.,,,,
,,,,,,,,,,,,,,,,,,,,,,,
,,,,,,,,,,,,,,,,,,,,,

,,,,,,,,,,,,,,,,,,,,,,

Derecho de Copia 2004 Tecnolab Sistemas 21 C.A.. todos los derechos reservados.,,,,,,,,,,,,
,,,,,,,,,,,,,,,,,
,,,,,Caracas - Venezuela,,,,,,,,,,,,
,,,,,,,,,,,,,,,,,
,,,,,,,,,,,,
7.058,CULTIVO DE SECRECION,,,,,"2.028,95",,,
,,,,,, 1,,,,,,
,,
3.600,UROCULTIVO,,,,,"2.898,50",,,
,,,,,, 2,,,,,,
,,
Sub-Total:  3,,,,,"4.927,45",,,,

,,,,,,,,,,,,,,,,,,,,,,,,
,,,,,,,,,,,,,,,,,,,,,,,,,
,,,,Perfiles,,,,,,,,,,,Cant.,,,,,Monto Bs.,,,,,
,,,,,,,,,,,,,,,,,,,,,,,,,
,,,,,,,,,,,,,,,,,,,,,,,

480,PERFIL 20,,,,,"7.825,95",,,
,,,,,, 8,,,,,,
,,
478,PERFIL 20 NIÑO,,,,,"1.217,37",,,
,,,,,, 1,,,,,,
,,
439,PERFIL 21 (PERFIL 20 + LIPIDICO),,,,,"1.159,40",,,
,,,,,, 1,,,,,,
,,
20,PERFIL HEPATICO,,,,,"1.623,16",,,
,,,,,, 1,,,,,,
,,
56,PERFIL PRE NATAL,,,,,"2.434,74",,,
,,,,,, 2,,,,,,
,,
57,PERFIL PRE-OPERATORIO,,,,,"1.507,22",,,
,,,,,, 1,,,,,,
,,
Sub-Total: 14,,,,,"15.767,84",,,,

Total en Exámenes: 254,,,,,,"75.232,82",

,,,,,,,,,,,,,,,,,,,,,,,,

Derecho de Copia 2004 Tecnolab Sistemas 21 C.A.. todos los derechos reservados.,,,,,,,,,,,,,,
,,,,,,,,,,,,,,,,,,,
,,,,,Caracas - Venezuela,,,,,,,,,,,,,,
,,,,,,,,,,,,,,,,,,,
,,,,,,,,,,,,,,
